id,Type,Title,Country,Data Added,Release Year,Rating,Genre
1,Movie,Esperando La Carroza,Argentina,7/15/2018,1985.0,NR,"Comedies, Cult Movies, International Movies"
2,Movie,Lucha: Playing the Impossible,Argentina,7/15/2018,2016.0,TV-PG,"Documentaries, International Movies, Sports Movies"
3,Movie,Just Love,Argentina,1/24/2019,2018.0,TV-MA,"Dramas, International Movies, Music & Musicals"
4,Movie,Desire,Argentina,12/21/2017,2017.0,TV-MA,"Dramas, International Movies, Romantic Movies"
5,Movie,The Aerial,Argentina,4/1/2018,2007.0,TV-MA,"Dramas, International Movies, Sci-Fi & Fantasy"
6,Movie,Chronicle of an Escape,Argentina,6/15/2018,2006.0,R,"Dramas, International Movies, Thrillers"
7,Movie,"Pizza, birra, faso",Argentina,3/15/2018,1998.0,TV-MA,"Dramas, International Movies"
8,Movie,Grego Rossello: Disculpe las molestias,Argentina,10/31/2019,2019.0,TV-MA,Stand-Up Comedy
9,Movie,"River, el más grande siempre",Argentina,7/5/2019,2019.0,TV-G,"Documentaries, International Movies, Sports Movies"
10,Movie,Agustín Aristarán: Soy Rada,Argentina,2/16/2018,2018.0,TV-MA,Stand-Up Comedy
11,Movie,Todo Sobre El Asado,Argentina,9/1/2017,2016.0,TV-14,"Documentaries, International Movies"
12,Movie,GO! The Unforgettable Party,Argentina,11/15/2019,2019.0,TV-PG,"Children & Family Movies, Music & Musicals"
13,Movie,"27, el club de los malditos",Argentina,5/1/2018,2018.0,TV-MA,"Action & Adventure, Comedies, International Movies"
14,Movie,Mater,Argentina,8/1/2018,2017.0,TV-MA,"Dramas, Independent Movies, International Movies"
15,Movie,Sebastián Marcelo Wainraich,Argentina,1/26/2018,2018.0,TV-MA,Stand-Up Comedy
16,Movie,Malena Pichot: Estupidez compleja,Argentina,3/2/2018,2018.0,TV-MA,Stand-Up Comedy
17,Movie,Todo lo que sería Lucas Lauriente,Argentina,4/6/2018,2018.0,TV-MA,Stand-Up Comedy
18,Movie,Fernando Sanjiao: Hombre,Argentina,5/25/2018,2018.0,TV-MA,Stand-Up Comedy
19,Movie,Luciano Mellera: Infantiloide,Argentina,7/6/2018,2018.0,TV-14,Stand-Up Comedy
20,Movie,The Son,Argentina,7/26/2019,2019.0,TV-MA,"Dramas, Independent Movies, International Movies"
21,TV Show,Edha,Argentina,3/16/2018,2018.0,TV-MA,"International TV Shows, Spanish-Language TV Shows, TV Dramas"
22,TV Show,Psiconautas,Argentina,4/15/2018,2016.0,TV-MA,"International TV Shows, Spanish-Language TV Shows, TV Comedies"
23,TV Show,Creators,Argentina,11/1/2018,2015.0,TV-Y,"Kids' TV, Spanish-Language TV Shows"
24,TV Show,The Kirlian Frequency,Argentina,2/15/2019,2017.0,TV-14,"International TV Shows, Spanish-Language TV Shows, TV Horror"
25,TV Show,"Heidi, bienvenida a casa",Argentina,5/15/2019,2017.0,TV-G,"Kids' TV, Spanish-Language TV Shows"
26,TV Show,Go! Live Your Way,Argentina,6/21/2019,2019.0,TV-G,"Kids' TV, Spanish-Language TV Shows, Teen TV Shows"
27,TV Show,Apache: The Life of Carlos Tevez,Argentina,8/16/2019,2019.0,TV-MA,"Crime TV Shows, International TV Shows, Spanish-Language TV Shows"
28,TV Show,El Marginal,Argentina,9/27/2019,2019.0,TV-MA,"Crime TV Shows, International TV Shows, Spanish-Language TV Shows"
29,TV Show,Monzón: A Knockout Blow,Argentina,10/25/2019,2018.0,TV-MA,"Crime TV Shows, International TV Shows, Spanish-Language TV Shows"
30,TV Show,Millennials,Argentina,11/5/2019,2019.0,TV-MA,"International TV Shows, Romantic TV Shows, Spanish-Language TV Shows"
31,TV Show,No Time for Shame,Argentina,11/19/2019,2019.0,TV-MA,"International TV Shows, Reality TV, Spanish-Language TV Shows"
32,Movie,A Sort of Family,"Argentina, Brazil, France, Poland, Germany, Denmark",4/1/2018,2017.0,TV-14,"Dramas, International Movies, Thrillers"
33,Movie,The Desert Bride,"Argentina, Chile",11/8/2018,2017.0,TV-14,"Dramas, International Movies"
34,Movie,Invisible,"Argentina, France",8/1/2018,2017.0,TV-MA,"Dramas, Independent Movies, International Movies"
35,Movie,Temporada de Caza,"Argentina, France, Germany",7/15/2018,2017.0,TV-MA,"Dramas, International Movies"
36,Movie,Food on the Go,"Argentina, Italy",5/16/2018,2017.0,TV-14,"Documentaries, International Movies"
37,Movie,Perdida,"Argentina, Spain",8/9/2018,2018.0,TV-MA,"Dramas, International Movies, Thrillers"
38,Movie,Mi Obra Maestra,"Argentina, Spain",1/25/2019,2018.0,TV-MA,"Comedies, International Movies"
39,Movie,The Distinguished Citizen,"Argentina, Spain",9/1/2017,2016.0,TV-MA,"Comedies, Dramas, International Movies"
40,Movie,Despido Procedente,"Argentina, Spain",5/1/2018,2017.0,TV-MA,"Comedies, International Movies"
41,Movie,Black Snow,"Argentina, Spain",7/1/2017,2017.0,TV-MA,"Dramas, International Movies, Thrillers"
42,Movie,Tango Feroz,"Argentina, Spain",7/15/2018,1993.0,TV-MA,"Classic Movies, Dramas, International Movies"
43,TV Show,Vientos de agua,"Argentina, Spain",11/1/2019,2006.0,TV-MA,"International TV Shows, Spanish-Language TV Shows, TV Dramas"
44,Movie,Blood Will Tell,"Argentina, United States",6/21/2019,2019.0,TV-MA,"Dramas, Independent Movies, International Movies"
45,TV Show,Maradona in Mexico,"Argentina, United States, Mexico",11/13/2019,2020.0,TV-MA,"Docuseries, Spanish-Language TV Shows"
46,Movie,"El Pepe, a Supreme Life","Argentina, Uruguay, Serbia",12/27/2019,2018.0,TV-14,"Documentaries, International Movies"
47,Movie,The Lost Brother,"Argentina, Uruguay, Spain, France",9/1/2017,2017.0,TV-MA,"Dramas, International Movies"
48,Movie,Shopkins: Wild,Australia,11/15/2018,2018.0,TV-Y,Movies
49,Movie,Head On,Australia,8/25/2018,1998.0,TV-MA,"Dramas, Independent Movies, LGBTQ Movies"
50,Movie,Faraar,Australia,12/1/2018,2015.0,TV-14,"Action & Adventure, Dramas, International Movies"
51,Movie,Berlin Syndrome,Australia,8/25/2017,2017.0,R,"International Movies, Thrillers"
52,Movie,A 2nd Chance,Australia,7/1/2017,2011.0,PG,"Children & Family Movies, Dramas, Sports Movies"
53,Movie,Raising the Bar,Australia,8/1/2017,2016.0,TV-G,"Children & Family Movies, Dramas, Sports Movies"
54,Movie,Going for Gold,Australia,7/15/2018,2018.0,TV-G,"Children & Family Movies, Dramas, International Movies"
55,Movie,Red Christmas,Australia,12/11/2017,2016.0,TV-MA,Horror Movies
56,Movie,Have You Seen the Listers?,Australia,2/1/2019,2017.0,TV-MA,"Documentaries, International Movies"
57,Movie,I Am Mother,Australia,6/7/2019,2019.0,TV-14,"International Movies, Sci-Fi & Fantasy, Thrillers"
58,Movie,Goldstone,Australia,12/10/2018,2016.0,R,Thrillers
59,Movie,Ali's Wedding,Australia,6/8/2018,2018.0,TV-MA,"Comedies, Independent Movies, International Movies"
60,Movie,Mountain,Australia,10/1/2018,2017.0,PG,"Action & Adventure, Documentaries, International Movies"
61,Movie,Back of the Net,Australia,12/21/2019,2019.0,TV-G,"Children & Family Movies, Sports Movies"
62,Movie,Occupation,Australia,1/3/2019,2018.0,R,"Action & Adventure, Sci-Fi & Fantasy"
63,Movie,Hannah Gadsby: Nanette,Australia,6/19/2018,2018.0,TV-MA,Stand-Up Comedy
64,TV Show,Pine Gap,Australia,12/7/2018,2018.0,TV-MA,"International TV Shows, TV Dramas"
65,Movie,Emo the Musical,Australia,2/1/2018,2016.0,PG-13,"Dramas, International Movies, Music & Musicals"
66,Movie,Shopkins: World Vacation,Australia,11/15/2018,2017.0,TV-Y,Movies
67,Movie,Little Lunch: The Nightmare Before Graduation,Australia,3/15/2018,2016.0,TV-Y7,"Children & Family Movies, Comedies"
68,Movie,Iron Fists and Kung-Fu Kicks,Australia,12/1/2019,2019.0,TV-MA,"Documentaries, International Movies"
69,Movie,Breath,Australia,12/5/2018,2018.0,TV-MA,"Dramas, Sports Movies"
70,Movie,Da Kath & Kim Code,Australia,7/28/2018,2005.0,TV-14,Movies
71,Movie,Kath & Kimderella,Australia,7/28/2018,2012.0,TV-14,Comedies
72,Movie,Little Lunch: The Halloween Horror Story,Australia,3/15/2018,2016.0,TV-Y7,"Children & Family Movies, Comedies"
73,Movie,The Sapphires,Australia,4/26/2019,2012.0,PG-13,"Comedies, Dramas, Independent Movies"
74,TV Show,Deep Water,Australia,7/1/2017,2016.0,TV-MA,"Crime TV Shows, International TV Shows, TV Dramas"
75,TV Show,Aussie Gold Hunters,Australia,8/1/2017,2016.0,TV-MA,"Docuseries, International TV Shows, Reality TV"
76,TV Show,Offspring,Australia,9/13/2017,2017.0,TV-MA,"TV Comedies, TV Dramas"
77,TV Show,The Code,Australia,10/1/2017,2014.0,TV-MA,"Crime TV Shows, International TV Shows, TV Dramas"
78,TV Show,Zumbo's Just Desserts,Australia,10/31/2017,2016.0,TV-14,"International TV Shows, Reality TV"
79,TV Show,Cheapest Weddings,Australia,12/1/2017,2016.0,TV-14,"International TV Shows, Reality TV"
80,TV Show,Dance Academy,Australia,12/20/2017,2013.0,TV-PG,"International TV Shows, Romantic TV Shows, TV Dramas"
81,TV Show,Kath and Kim,Australia,7/28/2018,2007.0,TV-14,TV Comedies
82,TV Show,72 Dangerous Animals: Asia,Australia,8/10/2018,2018.0,TV-14,"Docuseries, International TV Shows, Science & Nature TV"
83,TV Show,Sisters,Australia,9/1/2018,2018.0,TV-MA,"International TV Shows, TV Comedies, TV Dramas"
84,TV Show,Rake,Australia,10/16/2018,2018.0,NR,"Crime TV Shows, International TV Shows, TV Comedies"
85,TV Show,Ask the Doctor,Australia,10/19/2018,2017.0,TV-PG,"Docuseries, International TV Shows, Science & Nature TV"
86,TV Show,Wanted,Australia,12/13/2018,2018.0,TV-14,"Crime TV Shows, International TV Shows, TV Dramas"
87,TV Show,Tidelands,Australia,12/14/2018,2018.0,TV-MA,"Crime TV Shows, International TV Shows, TV Dramas"
88,TV Show,Tales by Light,Australia,1/5/2019,2018.0,TV-PG,"Docuseries, International TV Shows, Science & Nature TV"
89,TV Show,Secret City,Australia,3/6/2019,2016.0,TV-MA,"International TV Shows, TV Dramas, TV Mysteries"
90,TV Show,Lunatics,Australia,4/19/2019,2019.0,TV-MA,"International TV Shows, TV Comedies"
91,TV Show,Instant Hotel,Australia,6/28/2019,2019.0,TV-MA,"International TV Shows, Reality TV"
92,TV Show,Yummy Mummies,Australia,7/3/2019,2019.0,TV-14,"International TV Shows, Reality TV"
93,TV Show,History's Greatest Hoaxes,Australia,7/12/2019,2016.0,TV-PG,"British TV Shows, Docuseries"
94,TV Show,MegaTruckers,Australia,7/12/2019,2012.0,TV-PG,Reality TV
95,TV Show,The Letdown,Australia,7/31/2019,2019.0,TV-MA,"International TV Shows, TV Comedies, TV Dramas"
96,TV Show,The Chefs' Line,Australia,8/1/2019,2017.0,TV-14,"International TV Shows, Reality TV"
97,TV Show,Wentworth,Australia,8/1/2019,2019.0,NR,"Crime TV Shows, TV Dramas"
98,TV Show,The InBESTigators,Australia,8/9/2019,2019.0,TV-G,"Kids' TV, TV Comedies"
99,TV Show,Glitch,Australia,9/25/2019,2019.0,TV-MA,"International TV Shows, TV Dramas, TV Horror"
100,TV Show,Court Justice,Australia,10/2/2019,2017.0,TV-MA,"Crime TV Shows, Docuseries, International TV Shows"
101,TV Show,THE UNLISTED,Australia,10/17/2019,2019.0,TV-PG,"Kids' TV, TV Thrillers"
102,TV Show,Bondi Rescue,Australia,11/1/2019,2016.0,TV-PG,Reality TV
103,Movie,Barbecue,"Australia, Armenia, Japan, Jordan, Mexico, Mongolia, New Zealand, Philippines, South Africa, Sweden, United States, Uruguay",8/15/2017,2017.0,TV-MA,"Documentaries, International Movies"
104,Movie,Beat Bugs: All Together Now,"Australia, Canada",11/21/2017,2017.0,TV-Y,"Children & Family Movies, Music & Musicals"
105,TV Show,Beat Bugs,"Australia, Canada",7/21/2019,2018.0,TV-Y,Kids' TV
106,Movie,Adore,"Australia, France",11/20/2019,2013.0,R,"Dramas, Independent Movies, International Movies"
107,Movie,Sardaarji 2,"Australia, India",10/15/2017,2016.0,TV-PG,"Action & Adventure, Comedies, International Movies"
108,Movie,Only the Dead,"Australia, Iraq",11/15/2018,2015.0,TV-MA,"Documentaries, International Movies"
109,TV Show,The New Legends of Monkey,"Australia, New Zealand",4/27/2018,2018.0,TV-PG,"Kids' TV, TV Action & Adventure, TV Sci-Fi & Fantasy"
110,TV Show,Cleverman,"Australia, New Zealand, United States",10/1/2017,2017.0,TV-MA,"TV Dramas, TV Sci-Fi & Fantasy, TV Thrillers"
111,Movie,OtherLife,"Australia, United Arab Emirates",10/15/2017,2017.0,TV-MA,"Dramas, Independent Movies, International Movies"
112,Movie,Rip Tide,"Australia, United Arab Emirates",1/15/2018,2017.0,TV-Y7,"Children & Family Movies, Dramas, Sports Movies"
113,Movie,Cargo,"Australia, United Arab Emirates",5/18/2018,2018.0,TV-MA,"Horror Movies, International Movies"
114,Movie,Strictly Ballroom,"Australia, United Kingdom",1/1/2020,1992.0,PG,"Classic Movies, Comedies, Romantic Movies"
115,Movie,Son of a Gun,"Australia, United Kingdom, Canada",7/19/2018,2014.0,R,"Action & Adventure, Dramas, Independent Movies"
116,Movie,Backtrack,"Australia, United Kingdom, United Arab Emirates, Canada",12/25/2018,2015.0,R,"Dramas, Thrillers"
117,Movie,The Rover,"Australia, United States",7/19/2018,2014.0,R,"International Movies, Thrillers"
118,Movie,The Secret,"Australia, United States",12/7/2017,2006.0,TV-PG,"Documentaries, Faith & Spirituality"
119,Movie,The Bleeding Edge,"Australia, United States",7/27/2018,2018.0,TV-14,Documentaries
120,Movie,The Water Diviner,"Australia, United States",10/7/2019,2014.0,R,"Dramas, International Movies"
121,TV Show,72 Dangerous Animals: Latin America,"Australia, United States",12/22/2017,2017.0,TV-14,"Docuseries, International TV Shows, Science & Nature TV"
122,TV Show,Motown Magic,"Australia, United States",6/28/2019,2019.0,TV-Y,Kids' TV
123,Movie,MindGamers,Austria,1/15/2020,2017.0,R,"International Movies, Sci-Fi & Fantasy, Thrillers"
124,Movie,Joy,Austria,5/24/2019,2019.0,TV-MA,"Dramas, Independent Movies, International Movies"
125,Movie,Weapon of Choice,"Austria, Iraq, United States",3/2/2019,2018.0,TV-MA,"Documentaries, International Movies"
126,Movie,The Dawn Wall,"Austria, United States",3/4/2019,2017.0,TV-MA,"Documentaries, Sports Movies"
127,Movie,Komola Rocket,Bangladesh,1/7/2019,2018.0,TV-14,"Dramas, Independent Movies, International Movies"
128,Movie,"Sincerely Yours, Dhaka",Bangladesh,12/16/2019,2018.0,TV-MA,"Comedies, Dramas, Independent Movies"
129,TV Show,Tabula Rasa,Belgium,3/15/2018,2017.0,TV-MA,"International TV Shows, TV Dramas, TV Mysteries"
130,TV Show,The Break,Belgium,2/9/2019,2018.0,TV-MA,"Crime TV Shows, International TV Shows, TV Dramas"
131,TV Show,Unit 42,Belgium,6/15/2019,2017.0,TV-MA,"Crime TV Shows, International TV Shows, TV Dramas"
132,TV Show,Thieves of the Wood,Belgium,1/2/2020,2019.0,TV-MA,"International TV Shows, TV Action & Adventure, TV Dramas"
133,Movie,Cézanne et moi,"Belgium, France",9/7/2017,2016.0,R,"Dramas, Independent Movies, International Movies"
134,Movie,The Unknown Girl,"Belgium, France",12/12/2017,2016.0,TV-MA,"Dramas, International Movies"
135,Movie,The Command,"Belgium, Luxembourg, France",10/19/2019,2018.0,PG-13,"Dramas, International Movies, Thrillers"
136,Movie,Girl,"Belgium, Netherlands",3/15/2019,2018.0,R,"Dramas, International Movies, LGBTQ Movies"
137,TV Show,Undercover,"Belgium, Netherlands",5/3/2019,2019.0,TV-MA,"Crime TV Shows, International TV Shows, TV Dramas"
138,Movie,The Most Assassinated Woman in the World,"Belgium, United Kingdom, United States",9/7/2018,2018.0,TV-MA,"Dramas, International Movies, Thrillers"
139,Movie,Boy and the World,Brazil,10/1/2017,2013.0,PG,Children & Family Movies
140,Movie,Nothing to Lose,Brazil,7/20/2018,2018.0,PG,"Dramas, Faith & Spirituality, International Movies"
141,Movie,Nothing to Lose 2,Brazil,12/7/2019,2019.0,PG-13,"Dramas, Faith & Spirituality, International Movies"
142,Movie,Old Lord Savanna,Brazil,1/18/2019,2018.0,TV-PG,"Documentaries, International Movies"
143,Movie,DJ Cinderella,Brazil,6/14/2019,2019.0,TV-PG,"Children & Family Movies, Comedies"
144,Movie,Marco Luque: Tamo Junto,Brazil,6/15/2017,2017.0,TV-MA,Stand-Up Comedy
145,Movie,City of God: 10 Years Later,Brazil,5/7/2018,2013.0,TV-MA,"Documentaries, International Movies"
146,Movie,Fishtronaut: The Movie,Brazil,4/25/2018,2018.0,TV-Y,Children & Family Movies
147,Movie,Whindersson Nunes: Adult,Brazil,8/15/2019,2019.0,TV-MA,Stand-Up Comedy
148,Movie,The Birth Reborn,Brazil,8/10/2018,2013.0,TV-14,"Documentaries, International Movies"
149,Movie,The Birth Reborn 3,Brazil,12/28/2018,2018.0,TV-MA,"Documentaries, International Movies"
150,Movie,Liss Pereira: Reteniendo líquidos,Brazil,4/10/2019,2019.0,TV-14,Stand-Up Comedy
151,Movie,"Edmilson Filho: Notas, Comedy about Relationships",Brazil,11/1/2018,2017.0,TV-MA,Stand-Up Comedy
152,Movie,The Killer,Brazil,11/10/2017,2017.0,TV-MA,"Action & Adventure, International Movies"
153,Movie,Buddies,Brazil,2/15/2019,2012.0,TV-MA,"Comedies, Dramas, Independent Movies"
154,Movie,Ana e Vitória,Brazil,11/2/2018,2018.0,TV-14,"Comedies, International Movies, LGBTQ Movies"
155,TV Show,The Chosen One,Brazil,6/28/2019,2019.0,TV-MA,"International TV Shows, TV Dramas, TV Mysteries"
156,Movie,Paradise Lost,Brazil,9/29/2018,2018.0,TV-MA,"Dramas, Independent Movies, International Movies"
157,Movie,All The Reasons To Forget,Brazil,4/19/2018,2017.0,TV-MA,"Comedies, Dramas, International Movies"
158,Movie,The Edge of Democracy,Brazil,6/19/2019,2019.0,TV-14,"Documentaries, International Movies"
159,Movie,The Last Hangover,Brazil,12/21/2018,2018.0,TV-MA,"Comedies, International Movies"
160,Movie,The First Temptation of Christ,Brazil,12/3/2019,2019.0,TV-MA,"Comedies, International Movies"
161,Movie,Kardec,Brazil,8/29/2019,2019.0,TV-14,"Dramas, Faith & Spirituality, International Movies"
162,Movie,A new Capitalism,Brazil,6/12/2018,2017.0,TV-PG,"Documentaries, International Movies"
163,TV Show,Borges,Brazil,6/25/2018,2018.0,TV-MA,"International TV Shows, TV Comedies"
164,Movie,Rafinha Bastos: Ultimatum,Brazil,9/21/2018,2018.0,TV-MA,Stand-Up Comedy
165,TV Show,Blood Pact,Brazil,10/10/2018,2018.0,TV-MA,"Crime TV Shows, International TV Shows, TV Dramas"
166,TV Show,Super Drags,Brazil,11/9/2018,2018.0,TV-MA,"International TV Shows, TV Comedies"
167,TV Show,Vai Anitta,Brazil,11/16/2018,2018.0,TV-MA,"Docuseries, International TV Shows, Reality TV"
168,TV Show,Z4,Brazil,2/22/2019,2018.0,TV-PG,Kids' TV
169,TV Show,Most Beautiful Thing,Brazil,3/22/2019,2019.0,TV-MA,"International TV Shows, Romantic TV Shows, TV Dramas"
170,TV Show,Samantha!,Brazil,4/19/2019,2019.0,TV-MA,"International TV Shows, TV Comedies"
171,TV Show,The Mechanism,Brazil,5/10/2019,2019.0,TV-MA,"Crime TV Shows, International TV Shows, TV Dramas"
172,TV Show,Sintonia,Brazil,8/9/2019,2019.0,TV-MA,"Crime TV Shows, International TV Shows, TV Dramas"
173,TV Show,Brotherhood,Brazil,10/25/2019,2019.0,TV-MA,"Crime TV Shows, International TV Shows, TV Dramas"
174,TV Show,Nobody's Looking,Brazil,11/22/2019,2019.0,TV-MA,"International TV Shows, TV Comedies, TV Dramas"
175,TV Show,Lugar de Mulher,Brazil,11/28/2019,2019.0,TV-MA,"International TV Shows, Stand-Up Comedy & Talk Shows, TV Comedies"
176,Movie,Gabriel and the Mountain,"Brazil, France",11/9/2018,2017.0,TV-MA,"Dramas, Independent Movies, International Movies"
177,Movie,City of God,"Brazil, France, Germany",1/1/2020,2002.0,R,"Dramas, Independent Movies, International Movies"
178,Movie,On Yoga The Architecture of Peace,"Brazil, India, China, United States",1/10/2018,2017.0,TV-14,"Documentaries, Faith & Spirituality"
179,Movie,Elena,"Brazil, United States",9/1/2019,2012.0,TV-14,"Documentaries, International Movies"
180,Movie,Day of the Dead: Bloodline,Bulgaria,4/5/2018,2018.0,R,"Horror Movies, Independent Movies"
181,Movie,Acts of Vengeance,"Bulgaria, United States",1/25/2018,2017.0,R,"Action & Adventure, International Movies"
182,Movie,Bullet Head,"Bulgaria, United States",3/7/2018,2017.0,R,"International Movies, Thrillers"
183,Movie,Boyka: Undisputed,"Bulgaria, United States",8/1/2019,2016.0,R,Action & Adventure
184,Movie,Automata,"Bulgaria, United States, Spain, Canada",9/8/2017,2014.0,R,"International Movies, Sci-Fi & Fantasy, Thrillers"
185,Movie,Jailbreak,Cambodia,5/2/2018,2017.0,TV-MA,"Action & Adventure, International Movies"
186,Movie,First They Killed My Father,"Cambodia, United States",9/15/2017,2017.0,TV-MA,Dramas
187,Movie,Catwalk: Tales from the Cat Show Circuit,Canada,1/7/2019,2018.0,TV-PG,"Documentaries, International Movies"
188,Movie,Standoff,Canada,12/11/2018,2015.0,R,Action & Adventure
189,Movie,Withdrawn,Canada,5/1/2018,2017.0,TV-MA,"Dramas, Independent Movies"
190,Movie,Bon Cop Bad Cop 2,Canada,11/11/2017,2017.0,TV-MA,"Action & Adventure, Comedies, International Movies"
191,Movie,Below Her Mouth,Canada,8/1/2017,2016.0,TV-MA,"Dramas, Independent Movies, International Movies"
192,Movie,The Captive,Canada,7/20/2018,2014.0,R,"Dramas, Thrillers"
193,Movie,Blurred Lines: Inside the Art World,Canada,12/31/2017,2017.0,TV-MA,Documentaries
194,Movie,Prosecuting Evil: The Extraordinary World of Ben Ferencz,Canada,6/1/2019,2019.0,TV-14,Documentaries
195,Movie,The Confirmation,Canada,2/6/2019,2016.0,PG-13,"Comedies, Dramas, Independent Movies"
196,Movie,My Babysitter's a Vampire: The Movie,Canada,10/17/2018,2010.0,TV-PG,"Children & Family Movies, Comedies"
197,Movie,Perfect Bid: The Contestant Who Knew Too Much,Canada,4/30/2019,2017.0,TV-MA,Documentaries
198,Movie,The New Romantic,Canada,4/15/2019,2018.0,TV-MA,"Comedies, Independent Movies, Romantic Movies"
199,Movie,The Heretics,Canada,9/4/2019,2017.0,TV-MA,Horror Movies
200,Movie,Invisible Essence: The Little Prince,Canada,1/14/2019,2018.0,TV-PG,Documentaries
201,Movie,Birthmarked,Canada,6/28/2018,2018.0,TV-MA,"Comedies, Independent Movies, International Movies"
202,Movie,Undercover Grandpa,Canada,11/1/2017,2016.0,PG-13,"Action & Adventure, Children & Family Movies, Comedies"
203,Movie,The Wrong Babysitter,Canada,6/18/2019,2017.0,TV-14,Thrillers
204,Movie,Jack of all Trades,Canada,7/16/2019,2018.0,TV-MA,"Documentaries, Sports Movies"
205,Movie,Counterfeiting in Suburbia,Canada,7/1/2018,2018.0,TV-14,"Dramas, Thrillers"
206,Movie,Entanglement,Canada,12/9/2018,2018.0,TV-MA,"Dramas, Independent Movies, Romantic Movies"
207,Movie,Dear Santa,Canada,11/4/2019,2011.0,TV-PG,"Comedies, Romantic Movies"
208,Movie,At First Light,Canada,12/27/2018,2018.0,TV-14,"Dramas, Sci-Fi & Fantasy"
209,Movie,Goon: Last of the Enforcers,Canada,12/30/2017,2016.0,R,"Comedies, International Movies, Sports Movies"
210,Movie,"Martin Matte: La vie, la mort...eh la la..!",Canada,10/14/2019,2019.0,TV-14,Stand-Up Comedy
211,Movie,Long Time Running,Canada,11/12/2017,2017.0,TV-14,"Documentaries, International Movies, Music & Musicals"
212,Movie,Elliot the Littlest Reindeer,Canada,11/1/2019,2018.0,PG,Children & Family Movies
213,Movie,Cop and a Half: New Recruit,Canada,8/17/2017,2017.0,PG,"Children & Family Movies, Comedies"
214,Movie,Pants on Fire,Canada,3/1/2019,2014.0,TV-G,"Children & Family Movies, Comedies"
215,Movie,Across The Line,Canada,4/1/2019,2015.0,TV-MA,"Dramas, Sports Movies"
216,Movie,My Perfect Romance,Canada,5/1/2018,2018.0,PG,"International Movies, Romantic Movies"
217,Movie,A Witches' Ball,Canada,10/1/2018,2017.0,PG,Children & Family Movies
218,Movie,Christmas With A View,Canada,11/1/2018,2018.0,TV-PG,"International Movies, Romantic Movies"
219,Movie,Christmas Wedding Planner,Canada,11/15/2018,2017.0,PG,"Comedies, International Movies, Romantic Movies"
220,Movie,Lifechanger,Canada,5/28/2019,2018.0,TV-MA,"Horror Movies, Independent Movies, Thrillers"
221,Movie,Ghost Patrol,Canada,10/1/2017,2016.0,TV-Y7-FV,"Children & Family Movies, Comedies"
222,Movie,Hunt to Kill,Canada,1/1/2020,2010.0,R,Action & Adventure
223,Movie,48 Christmas Wishes,Canada,12/20/2017,2017.0,TV-Y7,"Children & Family Movies, Comedies"
224,Movie,Room for Rent,Canada,3/1/2019,2017.0,TV-MA,"Comedies, Independent Movies"
225,Movie,The Accountant of Auschwitz,Canada,7/1/2019,2018.0,TV-14,"Documentaries, International Movies"
226,Movie,The Heat: A Kitchen (R)evolution,Canada,5/7/2019,2018.0,TV-MA,Documentaries
227,Movie,Transformer,Canada,2/20/2019,2017.0,TV-MA,"Documentaries, LGBTQ Movies"
228,Movie,Recall,Canada,6/25/2019,2018.0,TV-MA,Dramas
229,Movie,#Roxy,Canada,4/10/2019,2018.0,TV-14,"Comedies, Romantic Movies"
230,Movie,Sadie's Last Days on Earth,Canada,8/22/2017,2016.0,TV-14,"Comedies, Sci-Fi & Fantasy"
231,Movie,Trailer Park Boys: Say Goodnight to the Bad Guys,Canada,3/1/2018,2008.0,TV-MA,"Comedies, Cult Movies"
232,Movie,Trailer Park Boys: Xmas Special,Canada,3/1/2018,2004.0,TV-MA,Movies
233,Movie,Trailer Park Boys: Countdown to Liquor Day,Canada,3/30/2018,2009.0,R,"Comedies, Cult Movies"
234,Movie,Trailer Park Boys: The Movie,Canada,3/30/2018,2006.0,R,"Comedies, Cult Movies"
235,Movie,One Last Shot,Canada,8/24/2018,1998.0,TV-MA,Comedies
236,Movie,Swearnet Live,Canada,3/1/2018,2014.0,TV-MA,"Comedies, International Movies"
237,Movie,Trailer Park Boys Live at the North Pole,Canada,3/1/2018,2014.0,NR,Movies
238,Movie,Trailer Park Boys Live In F**kin' Dublin,Canada,3/1/2018,2014.0,NR,Movies
239,Movie,Meditation Park,Canada,3/9/2018,2017.0,TV-PG,Dramas
240,Movie,Mean Dreams,Canada,7/1/2019,2016.0,R,"Dramas, Independent Movies, Thrillers"
241,Movie,My Ex-Ex,Canada,8/15/2017,2015.0,TV-MA,"Comedies, Romantic Movies"
242,TV Show,Trailer Park Boys: The Animated Series,Canada,3/31/2019,2019.0,TV-MA,TV Comedies
243,Movie,Into the Forest,Canada,11/7/2018,2015.0,R,"Dramas, International Movies, Sci-Fi & Fantasy"
244,Movie,Theater of Life,Canada,7/18/2017,2016.0,TV-PG,Documentaries
245,Movie,Paper Year,Canada,4/20/2019,2018.0,TV-MA,"Dramas, Independent Movies, Romantic Movies"
246,Movie,The Humanity Bureau,Canada,12/18/2018,2017.0,R,"Action & Adventure, Sci-Fi & Fantasy"
247,Movie,Pup Star: Better 2Gether,Canada,10/28/2017,2017.0,PG,"Children & Family Movies, Comedies"
248,Movie,Ravenous,Canada,3/2/2018,2017.0,TV-MA,"Horror Movies, International Movies"
249,Movie,Sardaar ji,Canada,12/1/2017,2015.0,TV-14,"Comedies, International Movies, Music & Musicals"
250,Movie,A.M.I.,Canada,10/1/2019,2019.0,TV-MA,Horror Movies
251,Movie,3 Seconds Divorce,Canada,6/15/2019,2018.0,TV-14,"Documentaries, Faith & Spirituality"
252,TV Show,Degrassi: Next Class,Canada,7/7/2017,2017.0,TV-14,"International TV Shows, TV Dramas, Teen TV Shows"
253,Movie,In the Tall Grass,Canada,10/4/2019,2019.0,TV-MA,"Horror Movies, Thrillers"
254,Movie,Bruno and Boots: Go Jump in the Pool,Canada,6/24/2017,2016.0,TV-PG,"Children & Family Movies, Comedies"
255,Movie,Bruno and Boots: This Can't Be Happening at Macdonald Hall,Canada,6/24/2017,2017.0,TV-PG,"Children & Family Movies, Comedies"
256,Movie,Bruno and Boots: The Wizzle War,Canada,7/1/2017,2017.0,TV-PG,"Children & Family Movies, Comedies"
257,Movie,Swearnet: The Movie,Canada,9/24/2017,2014.0,NR,"Comedies, International Movies"
258,Movie,American Hangman,Canada,7/30/2019,2019.0,TV-MA,Thrillers
259,TV Show,Intelligence,Canada,7/19/2017,2007.0,TV-14,"Crime TV Shows, TV Dramas"
260,TV Show,Dino Hunt,Canada,8/4/2017,2016.0,TV-G,"Docuseries, Science & Nature TV"
261,TV Show,Paranormal Survivor,Canada,8/4/2017,2016.0,TV-14,Docuseries
262,TV Show,Dark Matter,Canada,9/25/2017,2017.0,TV-14,"TV Sci-Fi & Fantasy, TV Thrillers"
263,TV Show,Alias Grace,Canada,11/3/2017,2017.0,TV-MA,"Crime TV Shows, International TV Shows, TV Dramas"
264,TV Show,Trailer Park Boys: Out of the Park: USA,Canada,11/24/2017,2017.0,TV-MA,"International TV Shows, TV Comedies"
265,TV Show,Chasing Monsters,Canada,12/15/2017,2016.0,TV-PG,"Docuseries, Reality TV, Science & Nature TV"
266,TV Show,21 Thunder,Canada,3/1/2018,2017.0,TV-MA,"Crime TV Shows, International TV Shows, TV Dramas"
267,TV Show,Trailer Park Boys,Canada,3/30/2018,2018.0,TV-MA,"Classic & Cult TV, Crime TV Shows, International TV Shows"
268,TV Show,The Hollow,Canada,6/8/2018,2018.0,TV-Y7-FV,"Kids' TV, TV Thrillers"
269,TV Show,Heavy Rescue: 401,Canada,6/22/2018,2018.0,TV-MA,"International TV Shows, Reality TV"
270,TV Show,The Drunk and on Drugs Happy Funtime Hour,Canada,8/24/2018,2011.0,TV-MA,"International TV Shows, TV Comedies"
271,TV Show,Reboot: The Guardian Code,Canada,9/28/2018,2018.0,TV-Y7-FV,Kids' TV
272,TV Show,My Babysitter's a Vampire,Canada,10/17/2018,2012.0,TV-PG,"Kids' TV, TV Comedies"
273,TV Show,Ponysitters Club,Canada,11/16/2018,2018.0,TV-Y7,"Kids' TV, TV Dramas"
274,TV Show,Frontier,Canada,11/23/2018,2018.0,TV-MA,"International TV Shows, TV Action & Adventure, TV Dramas"
275,TV Show,Beast Legends,Canada,2/1/2019,2010.0,TV-PG,Docuseries
276,TV Show,Camp X,Canada,2/1/2019,2014.0,TV-MA,Docuseries
277,TV Show,Northern Rescue,Canada,3/1/2019,2019.0,TV-14,TV Dramas
278,TV Show,Bo on the Go!,Canada,3/21/2019,2007.0,TV-Y,Kids' TV
279,TV Show,Kim's Convenience,Canada,4/3/2019,2019.0,TV-14,TV Comedies
280,TV Show,Mr. Young,Canada,4/16/2019,2013.0,TV-G,"Kids' TV, TV Comedies"
281,TV Show,Bad Blood,Canada,5/31/2019,2019.0,TV-MA,"Crime TV Shows, TV Dramas"
282,TV Show,Blown Away,Canada,7/12/2019,2019.0,TV-PG,"International TV Shows, Reality TV"
283,TV Show,Heartland,Canada,8/1/2019,2017.0,TV-PG,TV Dramas
284,Movie,Super Monsters Back to School,Canada,8/16/2019,2019.0,TV-Y,Children & Family Movies
285,TV Show,Rust Valley Restorers,Canada,8/23/2019,2019.0,TV-14,"International TV Shows, Reality TV"
286,TV Show,Workin' Moms,Canada,8/29/2019,2019.0,TV-MA,"International TV Shows, TV Comedies"
287,TV Show,True and the Rainbow Kingdom,Canada,8/30/2019,2019.0,TV-Y,Kids' TV
288,TV Show,Tobot,Canada,9/11/2019,2018.0,TV-Y7-FV,"Kids' TV, Korean TV Shows"
289,Movie,True: Tricky Treat Day,Canada,9/20/2019,2019.0,TV-Y,Children & Family Movies
290,TV Show,License to Drill: Louisiana,Canada,10/2/2019,2014.0,TV-PG,Reality TV
291,TV Show,Sensitive Skin,Canada,12/1/2019,2016.0,TV-MA,TV Comedies
292,TV Show,Highway Thru Hell,Canada,12/3/2019,2016.0,TV-PG,Reality TV
293,TV Show,V Wars,Canada,12/5/2019,2019.0,TV-MA,"TV Action & Adventure, TV Dramas, TV Horror"
294,TV Show,Border Security: America's Front Line,Canada,1/1/2020,2018.0,TV-14,"Crime TV Shows, International TV Shows, Reality TV"
295,TV Show,Anne with an E,Canada,1/3/2020,2018.0,TV-PG,"International TV Shows, TV Dramas"
296,TV Show,Hip-Hop Evolution,Canada,1/17/2020,2019.0,TV-MA,"Docuseries, International TV Shows"
297,TV Show,The Deep,"Canada, Australia",11/1/2019,2019.0,TV-Y7,Kids' TV
298,TV Show,Cupcake & Dino - General Services,"Canada, Brazil",5/3/2019,2019.0,TV-Y7,"Kids' TV, TV Comedies"
299,TV Show,Atomic Puppet,"Canada, France",12/1/2017,2016.0,TV-Y7-FV,"Crime TV Shows, Kids' TV, TV Comedies"
300,Movie,Empire of Scents,"Canada, France, Italy, Morocco, United States",1/1/2018,2014.0,TV-14,"Documentaries, International Movies"
301,Movie,Silent Hill: Revelation,"Canada, France, United States",12/13/2019,2012.0,R,Horror Movies
302,Movie,Maps to the Stars,"Canada, Germany, France, United States",12/16/2018,2014.0,R,"Comedies, Dramas"
303,TV Show,The Indian Detective,"Canada, Germany, South Africa",12/19/2017,2017.0,TV-14,"Crime TV Shows, International TV Shows, TV Comedies"
304,Movie,Punjab 1984,"Canada, India",11/1/2017,2014.0,TV-14,"Dramas, International Movies"
305,Movie,Union Leader,"Canada, India",12/31/2019,2017.0,TV-14,"Dramas, Independent Movies, International Movies"
306,Movie,Why Knot,"Canada, India, Thailand, United States, United Arab Emirates",10/15/2017,2016.0,TV-MA,Documentaries
307,Movie,Ice Guardians,"Canada, Ireland, United States",10/1/2017,2016.0,TV-MA,"Documentaries, International Movies, Sports Movies"
308,Movie,Pup Star: World Tour,"Canada, Japan, United States",5/5/2018,2018.0,G,"Children & Family Movies, Comedies, Music & Musicals"
309,Movie,American Heist,"Canada, Luxembourg",10/23/2019,2014.0,R,"Action & Adventure, Dramas"
310,Movie,Remember,"Canada, Mexico, Germany, South Africa",7/26/2018,2015.0,R,"Action & Adventure, Dramas"
311,Movie,The Body Remembers When the World Broke Open,"Canada, Norway",11/27/2019,2019.0,TV-MA,"Dramas, Independent Movies"
312,Movie,Menorca,"Canada, Spain",8/27/2017,2016.0,TV-MA,"Dramas, Independent Movies"
313,Movie,Enemy,"Canada, Spain, France",7/15/2018,2013.0,R,"Independent Movies, Thrillers"
314,TV Show,Chip and Potato,"Canada, United Kingdom",11/29/2019,2019.0,TV-Y,Kids' TV
315,TV Show,Slasher,"Canada, United Kingdom, United States",6/27/2019,2019.0,TV-MA,"TV Horror, TV Mysteries, TV Thrillers"
316,Movie,"Jim & Andy: The Great Beyond - Featuring a Very Special, Contractually Obligated Mention of Tony Clifton","Canada, United States",11/17/2017,2017.0,TV-MA,Documentaries
317,Movie,Miracle,"Canada, United States",6/1/2018,2004.0,PG,"Children & Family Movies, Dramas, Sports Movies"
318,Movie,The Red Sea Diving Resort,"Canada, United States",7/31/2019,2019.0,TV-MA,"Dramas, Thrillers"
319,Movie,Playing Hard,"Canada, United States",4/5/2019,2018.0,TV-MA,"Documentaries, International Movies"
320,Movie,The Little Hours,"Canada, United States",12/23/2018,2017.0,R,"Comedies, Independent Movies"
321,Movie,The Art of the Steal,"Canada, United States",12/8/2018,2013.0,R,"Action & Adventure, Comedies, Independent Movies"
322,Movie,XX,"Canada, United States",6/22/2017,2017.0,R,Horror Movies
323,Movie,Adventures in Public School,"Canada, United States",8/15/2018,2018.0,NR,Comedies
324,Movie,Christmas Crush,"Canada, United States",11/4/2019,2012.0,TV-PG,"Comedies, Romantic Movies"
325,Movie,Kodachrome,"Canada, United States",4/20/2018,2018.0,TV-MA,"Comedies, Dramas"
326,Movie,A Family Man,"Canada, United States",12/15/2019,2016.0,R,Dramas
327,Movie,The Blackcoat's Daughter,"Canada, United States",5/18/2019,2015.0,R,"Horror Movies, Independent Movies, Thrillers"
328,Movie,The Power of Grayskull: The Definitive History of He-Man and the Masters of the Universe,"Canada, United States",8/24/2018,2017.0,TV-PG,Documentaries
329,TV Show,The L Word,"Canada, United States",3/20/2018,2009.0,TV-MA,"Romantic TV Shows, TV Dramas"
330,TV Show,Inspector Gadget,"Canada, United States",5/18/2018,2017.0,TV-Y7,"Crime TV Shows, Kids' TV, TV Comedies"
331,TV Show,Luna Petunia: Return to Amazia,"Canada, United States",7/20/2018,2018.0,TV-Y,Kids' TV
332,TV Show,Transformers: Rescue Bots,"Canada, United States",9/19/2018,2016.0,TV-Y7,Kids' TV
333,TV Show,Travelers,"Canada, United States",12/14/2018,2018.0,TV-MA,"Crime TV Shows, International TV Shows, TV Dramas"
334,TV Show,Roman Empire: Reign of Blood,"Canada, United States",4/5/2019,2019.0,TV-MA,Docuseries
335,TV Show,Black Summer,"Canada, United States",4/11/2019,2019.0,TV-MA,"TV Action & Adventure, TV Dramas, TV Horror"
336,TV Show,Wynonna Earp,"Canada, United States",7/16/2019,2018.0,TV-14,"International TV Shows, TV Action & Adventure, TV Dramas"
337,TV Show,Schitt's Creek,"Canada, United States",10/10/2019,2019.0,TV-14,TV Comedies
338,TV Show,Total Drama,"Canada, United States, France",5/3/2018,2015.0,TV-PG,"Kids' TV, TV Comedies"
339,Movie,Tucker and Dale vs. Evil,"Canada, United States, India, United Kingdom",3/29/2019,2010.0,R,"Comedies, Horror Movies, Independent Movies"
340,Movie,Come and Find Me,"Canada, United States, United Kingdom",9/18/2019,2016.0,R,"Dramas, Thrillers"
341,Movie,Madre,Chile,8/26/2017,2016.0,TV-MA,"International Movies, Thrillers"
342,Movie,Mi amigo Alexis,Chile,8/30/2019,2019.0,TV-PG,"Children & Family Movies, Comedies, Dramas"
343,Movie,Barrio Universitario,Chile,8/19/2018,2013.0,TV-14,"Comedies, International Movies"
344,Movie,Héroes,Chile,8/19/2018,2015.0,TV-MA,"Comedies, International Movies"
345,Movie,Attitude Test,Chile,8/19/2018,2016.0,TV-14,"Comedies, Independent Movies, International Movies"
346,Movie,No Estoy Loca,Chile,5/4/2018,2018.0,TV-MA,"Comedies, Dramas, International Movies"
347,Movie,Natalia Valdebenito: El especial,Chile,3/2/2018,2018.0,TV-MA,Stand-Up Comedy
348,Movie,Jani Dueñas: Grandes fracasos de ayer y hoy,Chile,6/29/2018,2018.0,TV-MA,Stand-Up Comedy
349,Movie,Fabrizio Copano: Solo pienso en mi,Chile,9/8/2017,2017.0,TV-MA,Stand-Up Comedy
350,Movie,Dry Martina,"Chile, Argentina",5/11/2019,2018.0,TV-MA,"Dramas, Independent Movies, International Movies"
351,Movie,Neruda,"Chile, Argentina, France, Spain, United States",6/26/2017,2016.0,R,"Dramas, International Movies"
352,Movie,The Blind Christ,"Chile, France",8/1/2017,2016.0,TV-MA,"Dramas, Independent Movies, International Movies"
353,Movie,The last hour,"Chile, Peru",6/15/2018,2017.0,TV-MA,"Dramas, International Movies"
354,Movie,The Bittersweet,China,11/1/2017,2017.0,TV-14,"Action & Adventure, Dramas, International Movies"
355,Movie,This Is Not What I Expected,China,10/14/2017,2017.0,TV-PG,"Comedies, International Movies, Romantic Movies"
356,Movie,Railroad Tigers,China,8/19/2017,2016.0,TV-14,"Action & Adventure, Comedies, International Movies"
357,Movie,I Am Not Madame Bovary,China,9/2/2017,2016.0,TV-14,"Comedies, Dramas, International Movies"
358,Movie,The Wandering Earth,China,5/6/2019,2019.0,TV-MA,"International Movies, Sci-Fi & Fantasy"
359,Movie,The Guardian Brothers,China,9/1/2017,2016.0,TV-Y7-FV,"Children & Family Movies, Comedies"
360,Movie,Pegasus,China,5/31/2019,2019.0,TV-14,"Comedies, Dramas, International Movies"
361,TV Show,Take My Brother Away,China,8/24/2018,2018.0,TV-14,"International TV Shows, TV Comedies, TV Dramas"
362,Movie,Animal World,China,9/28/2018,2018.0,TV-MA,"Action & Adventure, International Movies, Sci-Fi & Fantasy"
363,Movie,What a Wonderful Family!,China,7/1/2018,2017.0,TV-PG,"Comedies, Dramas, International Movies"
364,Movie,Tik Tok,China,7/1/2017,2016.0,TV-MA,"Dramas, International Movies, Thrillers"
365,Movie,Set Off,China,12/1/2018,2008.0,TV-MA,"Dramas, International Movies"
366,Movie,Hide and Seek,China,8/19/2017,2016.0,TV-14,"International Movies, Thrillers"
367,Movie,Brotherhood of Blades II: The Infernal Battlefield,China,11/28/2018,2017.0,TV-MA,"Action & Adventure, International Movies"
368,Movie,Us and Them,China,6/22/2018,2018.0,TV-MA,"Dramas, International Movies, Romantic Movies"
369,Movie,China Salesman,China,9/24/2018,2017.0,TV-MA,"Action & Adventure, International Movies"
370,Movie,Shanghai Fortress,China,9/13/2019,2019.0,TV-14,"Dramas, International Movies, Romantic Movies"
371,Movie,Love O2O,China,4/1/2019,2016.0,TV-14,"International Movies, Romantic Movies, Sci-Fi & Fantasy"
372,Movie,Legend of the Naga Pearls,China,3/30/2018,2017.0,TV-MA,"Action & Adventure, International Movies, Sci-Fi & Fantasy"
373,TV Show,Diamond Lover,China,7/7/2017,2015.0,TV-PG,"International TV Shows, Romantic TV Shows, TV Dramas"
374,TV Show,Qin Empire: Alliance,China,7/7/2017,2012.0,TV-14,"International TV Shows, TV Dramas"
375,TV Show,The Legend of Bruce Lee,China,7/7/2017,2008.0,NR,"International TV Shows, TV Action & Adventure, TV Dramas"
376,TV Show,Kibaoh Klashers,China,10/6/2017,2017.0,TV-Y7,Kids' TV
377,TV Show,Tientsin Mystic,China,2/9/2018,2017.0,TV-14,"Crime TV Shows, International TV Shows, TV Dramas"
378,TV Show,Day and Night,China,3/23/2018,2017.0,TV-MA,"Crime TV Shows, International TV Shows, TV Dramas"
379,Movie,Our Shining Days,China,7/1/2018,2017.0,TV-PG,"Comedies, Dramas, International Movies"
380,TV Show,Meteor Garden,China,7/14/2018,2018.0,TV-PG,"International TV Shows, Romantic TV Shows, TV Dramas"
381,TV Show,The Rise of Phoenixes,China,9/14/2018,2018.0,TV-14,"International TV Shows, Romantic TV Shows, TV Action & Adventure"
382,TV Show,Here to Heart,China,10/23/2018,2018.0,TV-14,"International TV Shows, Romantic TV Shows, TV Dramas"
383,TV Show,Love O2O,China,11/9/2018,2016.0,TV-PG,"International TV Shows, Romantic TV Shows, TV Dramas"
384,TV Show,Eternal Love,China,11/17/2018,2017.0,TV-14,"International TV Shows, Romantic TV Shows, TV Dramas"
385,TV Show,Ashes of Love,China,12/16/2018,2018.0,TV-PG,"International TV Shows, Romantic TV Shows, TV Comedies"
386,TV Show,The Princess Weiyoung,China,5/10/2019,2016.0,TV-14,"International TV Shows, Romantic TV Shows, TV Dramas"
387,TV Show,Well-Intended Love,China,5/17/2019,2019.0,TV-14,"International TV Shows, Romantic TV Shows, TV Comedies"
388,TV Show,Somewhere Only We Know,China,6/15/2019,2019.0,TV-14,"International TV Shows, Romantic TV Shows, TV Comedies"
389,TV Show,Unrequited Love,China,7/17/2019,2019.0,TV-14,"International TV Shows, Romantic TV Shows, TV Dramas"
390,TV Show,The King's Avatar,China,8/16/2019,2019.0,TV-14,"International TV Shows, TV Action & Adventure, TV Dramas"
391,TV Show,Chosen,China,10/17/2019,2019.0,TV-MA,"Crime TV Shows, International TV Shows, TV Action & Adventure"
392,TV Show,The Untamed,China,10/25/2019,2019.0,TV-14,"International TV Shows, TV Action & Adventure, TV Mysteries"
393,TV Show,A Little Thing Called First Love,China,10/26/2019,2019.0,TV-G,"International TV Shows, Romantic TV Shows, Teen TV Shows"
394,TV Show,Flavorful Origins,China,10/30/2019,2019.0,TV-G,"Docuseries, International TV Shows"
395,TV Show,Put Your Head on My Shoulder,China,11/11/2019,2019.0,TV-PG,"International TV Shows, Romantic TV Shows, Teen TV Shows"
396,TV Show,Once Upon A Time In Lingjian Mountain,China,11/23/2019,2019.0,TV-PG,"International TV Shows, TV Comedies, TV Sci-Fi & Fantasy"
397,TV Show,The Prince of Tennis ~ Match! Tennis Juniors ~,China,12/4/2019,2019.0,TV-PG,"International TV Shows, TV Dramas, Teen TV Shows"
398,TV Show,Handsome Siblings,China,1/16/2020,2020.0,TV-14,"International TV Shows, TV Dramas, TV Sci-Fi & Fantasy"
399,Movie,Next Gen,"China, Canada, United States",9/7/2018,2018.0,TV-PG,"Children & Family Movies, Comedies, Sci-Fi & Fantasy"
400,Movie,A Beautiful Life,"China, Hong Kong",12/1/2018,2011.0,TV-14,"Dramas, International Movies, Romantic Movies"
401,Movie,Initial D,"China, Hong Kong",8/1/2018,2005.0,TV-14,"Action & Adventure, International Movies"
402,Movie,Connected,"China, Hong Kong",7/21/2019,2008.0,TV-MA,"Action & Adventure, International Movies"
403,Movie,Operation Mekong,"China, Hong Kong",8/5/2017,2016.0,TV-MA,"Action & Adventure, International Movies"
404,Movie,God of War,"China, Hong Kong",12/16/2017,2017.0,NR,"Action & Adventure, International Movies"
405,Movie,Di Renjie zhi Sidatianwang,"China, Hong Kong",2/6/2019,2018.0,TV-MA,"Action & Adventure, International Movies, Sci-Fi & Fantasy"
406,Movie,Line Walker,"China, Hong Kong",12/1/2018,2016.0,TV-MA,"Action & Adventure, Dramas, International Movies"
407,Movie,Manhunt,"China, Hong Kong",5/4/2018,2017.0,TV-MA,"Action & Adventure, International Movies"
408,Movie,Iceman,"China, Hong Kong",1/23/2018,2014.0,R,"Action & Adventure, International Movies, Sci-Fi & Fantasy"
409,Movie,Love Off the Cuff,"China, Hong Kong",1/31/2019,2017.0,TV-MA,"Comedies, Dramas, International Movies"
410,Movie,Sky on Fire,"China, Hong Kong",8/5/2017,2016.0,TV-MA,"Action & Adventure, International Movies"
411,Movie,Shadow,"China, Hong Kong",11/6/2019,2018.0,TV-MA,"Action & Adventure, Dramas, International Movies"
412,TV Show,The Defected,"China, Hong Kong",5/12/2019,2019.0,TV-MA,"Crime TV Shows, International TV Shows, TV Dramas"
413,Movie,Skiptrace,"China, Hong Kong, United States",7/4/2019,2016.0,PG-13,"Action & Adventure, Comedies"
414,Movie,Kung Fu Yoga,"China, India, Nepal",10/6/2017,2017.0,TV-PG,"Action & Adventure, Comedies, International Movies"
415,Movie,Flavors of Youth: International Version,"China, Japan",8/4/2018,2018.0,TV-PG,"Anime Features, International Movies, Romantic Movies"
416,Movie,Operation Red Sea,"China, Morocco, Hong Kong",11/27/2018,2018.0,TV-MA,"Action & Adventure, International Movies"
417,Movie,Mayday Life,"China, Taiwan",8/23/2019,2019.0,TV-PG,"International Movies, Music & Musicals"
418,TV Show,Luo Bao Bei,"China, United Kingdom",8/31/2019,2018.0,TV-Y,"British TV Shows, Kids' TV"
419,Movie,King of Peking,"China, United States, Australia",7/2/2018,2018.0,TV-PG,"Comedies, Dramas, International Movies"
420,Movie,Duck Duck Goose,"China, United States, United Kingdom",7/20/2018,2018.0,PG,"Children & Family Movies, Comedies"
421,TV Show,Los tiempos de Pablo Escobar,Colombia,8/1/2018,2012.0,TV-MA,"Crime TV Shows, Docuseries, International TV Shows"
422,Movie,El sendero de la anaconda,Colombia,11/15/2019,2019.0,TV-PG,"Documentaries, International Movies"
423,Movie,Si saben cómo me pongo ¿pá qué me invitan?,Colombia,5/3/2018,2018.0,TV-MA,"Comedies, International Movies"
424,Movie,Loving is Losing,Colombia,4/26/2019,2019.0,TV-MA,"Comedies, International Movies, Romantic Movies"
425,Movie,Feo pero sabroso,Colombia,8/30/2019,2018.0,TV-MA,"Comedies, International Movies"
426,TV Show,Bolívar,Colombia,6/21/2019,2019.0,TV-MA,"International TV Shows, Romantic TV Shows, Spanish-Language TV Shows"
427,Movie,Pickpockets,Colombia,4/12/2018,2017.0,TV-MA,"Dramas, Independent Movies, International Movies"
428,Movie,Arango y Sanint: Ríase el show,Colombia,1/17/2018,2018.0,TV-MA,Stand-Up Comedy
429,Movie,Ricardo Quevedo: Hay gente así,Colombia,1/24/2018,2018.0,TV-MA,Stand-Up Comedy
430,Movie,Alejandro Riaño: Especial de stand up,Colombia,1/10/2018,2018.0,TV-MA,Stand-Up Comedy
431,TV Show,"Lady, la vendedora de rosas",Colombia,4/1/2018,2015.0,TV-14,"International TV Shows, Spanish-Language TV Shows, TV Dramas"
432,TV Show,El Cartel,Colombia,8/24/2018,2008.0,TV-MA,"Crime TV Shows, International TV Shows, Spanish-Language TV Shows"
433,TV Show,El Cartel 2,Colombia,8/24/2018,2010.0,TV-MA,"Crime TV Shows, International TV Shows, Spanish-Language TV Shows"
434,TV Show,Undercover Law,Colombia,8/31/2018,2017.0,TV-MA,"Crime TV Shows, International TV Shows, Spanish-Language TV Shows"
435,Movie,Santo Cachón,Colombia,10/26/2018,2018.0,TV-14,"Comedies, International Movies, Romantic Movies"
436,TV Show,The Queen of Flow,Colombia,11/9/2018,2018.0,TV-14,"Crime TV Shows, International TV Shows, Spanish-Language TV Shows"
437,TV Show,Always a Witch,Colombia,2/1/2019,2019.0,TV-14,"International TV Shows, Spanish-Language TV Shows, TV Dramas"
438,TV Show,Las muñecas de la mafia,Colombia,3/15/2019,2018.0,TV-14,"Crime TV Shows, International TV Shows, Spanish-Language TV Shows"
439,TV Show,Green Frontier,Colombia,8/16/2019,2019.0,TV-MA,"Crime TV Shows, International TV Shows, Spanish-Language TV Shows"
440,TV Show,The Good Bandit,Colombia,8/30/2019,2018.0,TV-MA,"Crime TV Shows, International TV Shows, Spanish-Language TV Shows"
441,TV Show,Wild District,Colombia,11/8/2019,2019.0,TV-MA,"Crime TV Shows, International TV Shows, Spanish-Language TV Shows"
442,Movie,Penalty Kick,"Colombia, Mexico",6/29/2018,2018.0,TV-14,"Comedies, Dramas, International Movies"
443,TV Show,La Viuda Negra,"Colombia, Mexico, United States",1/15/2019,2016.0,TV-14,"Crime TV Shows, International TV Shows, Spanish-Language TV Shows"
444,TV Show,The Paper,Croatia,1/1/2019,2018.0,TV-MA,"International TV Shows, TV Dramas"
445,TV Show,Talking Tom and Friends,"Cyprus, Austria, Thailand",4/10/2019,2017.0,TV-G,"Kids' TV, TV Comedies"
446,Movie,Concrete Football,"Czech Republic, France",9/1/2017,2016.0,TV-MA,"Documentaries, International Movies, Sports Movies"
447,Movie,Solomon Kane,"Czech Republic, United Kingdom, France",2/15/2018,2009.0,R,"Action & Adventure, International Movies, Sci-Fi & Fantasy"
448,Movie,Milada,"Czech Republic, United States",1/12/2018,2017.0,TV-MA,"Dramas, International Movies"
449,TV Show,Empire Games,"Czech Republic, United States",10/5/2018,2018.0,TV-14,Docuseries
450,TV Show,Lego Friends: Girls on a Mission,Denmark,2/1/2019,2018.0,TV-Y,Kids' TV
451,Movie,A Fortunate Man,Denmark,4/20/2019,2018.0,TV-14,"Dramas, International Movies"
452,Movie,Big Time,Denmark,4/1/2018,2017.0,TV-MA,Documentaries
453,TV Show,Hjørdis,Denmark,2/15/2019,2015.0,TV-14,"International TV Shows, TV Comedies, TV Dramas"
454,Movie,The Incredible Story of the Giant Pear,Denmark,3/1/2019,2018.0,TV-G,Children & Family Movies
455,TV Show,Rita,Denmark,1/16/2018,2017.0,TV-MA,"International TV Shows, TV Comedies, TV Dramas"
456,TV Show,Warrior,Denmark,11/13/2018,2018.0,TV-MA,"Crime TV Shows, International TV Shows, TV Dramas"
457,TV Show,Herrens veje,Denmark,6/1/2019,2018.0,TV-MA,"International TV Shows, TV Dramas"
458,Movie,Olmo & the Seagull,"Denmark, Brazil, France, Portugal, Sweden",9/1/2019,2014.0,TV-MA,"Dramas, Independent Movies, International Movies"
459,Movie,LEGO Ninjago: Masters of Spinjitzu: Day of the Departed,"Denmark, China",2/1/2019,2016.0,TV-Y7-FV,"Action & Adventure, Children & Family Movies"
460,Movie,Domino,"Denmark, France, Italy, Belgium, Netherlands",9/28/2019,2019.0,R,"International Movies, Thrillers"
461,Movie,300 Miles to Heaven,"Denmark, France, Poland",10/1/2019,1989.0,TV-14,"Dramas, International Movies"
462,Movie,Only God Forgives,"Denmark, France, United States, Sweden",5/15/2018,2013.0,R,"Cult Movies, Independent Movies, Thrillers"
463,Movie,Nymphomaniac: Volume 1,"Denmark, Germany, Belgium, United Kingdom, France",1/1/2018,2013.0,NR,"Dramas, Independent Movies, International Movies"
464,Movie,Nymphomaniac: Volume II,"Denmark, Germany, Belgium, United Kingdom, France, Sweden",8/25/2018,2013.0,TV-MA,"Dramas, Independent Movies, International Movies"
465,TV Show,LEGO Ninjago: Masters of Spinjitzu,"Denmark, Singapore, Canada, United States",2/1/2019,2018.0,TV-Y7-FV,Kids' TV
466,Movie,Born in Syria,"Denmark, Spain",5/17/2019,2016.0,TV-14,"Documentaries, International Movies"
467,Movie,Bobbi Jene,"Denmark, Sweden, Israel, United States",6/1/2018,2017.0,TV-MA,Documentaries
468,TV Show,The Rain,"Denmark, United States",5/17/2019,2019.0,TV-MA,"International TV Shows, TV Dramas, TV Mysteries"
469,Movie,El testigo,Dominican Republic,6/28/2019,2018.0,TV-14,"Documentaries, International Movies"
470,Movie,Love Station,Egypt,4/25/2019,2011.0,TV-14,"Comedies, International Movies, Romantic Movies"
471,Movie,Monopoly (The Bank Of Luck),Egypt,6/15/2019,2017.0,TV-MA,"Comedies, International Movies"
472,Movie,Hamza's Suitcase,Egypt,5/2/2019,2017.0,TV-14,"Comedies, International Movies"
473,Movie,The Consul's Son,Egypt,4/25/2019,2011.0,TV-14,"Comedies, International Movies, Thrillers"
474,Movie,Sameer Abu Alneel,Egypt,6/6/2019,2013.0,TV-14,"Comedies, International Movies"
475,Movie,Warda,Egypt,4/18/2019,2014.0,TV-14,"Horror Movies, Independent Movies, International Movies"
476,Movie,The Right One,Egypt,6/13/2019,2011.0,TV-14,"Dramas, International Movies, Romantic Movies"
477,Movie,30 Days of Luxury,Egypt,4/18/2019,2016.0,TV-14,"Comedies, International Movies"
478,Movie,"It's Okay, Buddy",Egypt,6/6/2019,2017.0,TV-14,"Comedies, International Movies, Music & Musicals"
479,Movie,May You Prosper,Egypt,7/20/2019,2017.0,TV-14,"Comedies, International Movies, Music & Musicals"
480,Movie,Reaction,Egypt,6/20/2019,2011.0,TV-MA,"Dramas, International Movies"
481,Movie,My Dog is My Guide,Egypt,4/18/2019,2013.0,TV-14,"Comedies, International Movies"
482,Movie,Lion's Heart,Egypt,5/9/2019,2013.0,TV-MA,"Action & Adventure, International Movies"
483,Movie,Because We're Heading Out,Egypt,4/18/2019,2016.0,TV-14,"Comedies, International Movies"
484,Movie,Are We Done Yet?,Egypt,8/1/2019,2018.0,TV-14,"Comedies, Dramas, International Movies"
485,Movie,Flimflam,Egypt,6/13/2019,2016.0,TV-14,"Comedies, International Movies"
486,Movie,Bewildered Bolbol,Egypt,6/20/2019,2010.0,TV-14,"Comedies, International Movies, Romantic Movies"
487,Movie,Amar's Hands,Egypt,4/26/2019,2011.0,TV-14,"Dramas, International Movies"
488,Movie,The Chord,Egypt,6/20/2019,2010.0,TV-MA,"Dramas, International Movies"
489,Movie,From Japan to Egypt,Egypt,6/6/2019,2017.0,TV-14,"Children & Family Movies, Comedies, Dramas"
490,Movie,Savage Raghda,Egypt,6/13/2019,2018.0,TV-MA,"Comedies, International Movies, Romantic Movies"
491,Movie,Salem: His Sister's Father,Egypt,6/22/2019,2014.0,TV-14,"Dramas, International Movies"
492,Movie,Used Goods,Egypt,9/1/2019,2018.0,TV-MA,"Action & Adventure, Comedies, International Movies"
493,Movie,Omar and Salma 3,Egypt,4/25/2019,2012.0,TV-MA,"Comedies, International Movies, Romantic Movies"
494,Movie,Regatta,Egypt,5/9/2019,2015.0,TV-MA,"Action & Adventure, Dramas, International Movies"
495,Movie,Detention Letter,Egypt,8/5/2019,2017.0,TV-14,"Action & Adventure, International Movies"
496,Movie,The Thief and the Imbecile,Egypt,6/6/2019,2013.0,TV-14,"Dramas, International Movies"
497,Movie,The Walls of the Moon,Egypt,4/18/2019,2015.0,TV-MA,"Action & Adventure, Dramas, International Movies"
498,Movie,Roh's Beauty,Egypt,4/19/2019,2014.0,TV-MA,"Dramas, International Movies"
499,Movie,Tattah,Egypt,5/9/2019,2013.0,TV-14,"Comedies, International Movies"
500,Movie,Freezer's Campaign,Egypt,6/6/2019,2016.0,TV-MA,"Comedies, International Movies"
501,Movie,The Ant's Scream,Egypt,6/13/2019,2010.0,TV-14,"Comedies, Dramas, International Movies"
502,Movie,Good and Prosperous,Egypt,12/10/2019,2017.0,TV-14,"Comedies, International Movies"
503,Movie,Farce,Egypt,6/6/2019,2017.0,TV-MA,"Comedies, International Movies"
504,Movie,Antar: Son of Shadad,Egypt,5/9/2019,2017.0,TV-MA,"Comedies, International Movies"
505,Movie,Unruly Friends,Egypt,6/20/2019,2011.0,TV-14,"International Movies, Thrillers"
506,Movie,Good Luck,Egypt,6/21/2019,2012.0,TV-MA,"Dramas, International Movies"
507,Movie,The Cell,Egypt,6/13/2019,2017.0,TV-MA,"Action & Adventure, Dramas, International Movies"
508,Movie,An Hour and a Half,Egypt,4/26/2019,2012.0,TV-14,"Dramas, International Movies"
509,Movie,Ms. Mammy,Egypt,6/6/2019,2012.0,TV-14,"Comedies, International Movies"
510,Movie,Step Outside,Egypt,6/6/2019,2018.0,TV-14,"Comedies, International Movies"
511,TV Show,Secret of the Nile,Egypt,3/15/2018,2016.0,TV-MA,"International TV Shows, Romantic TV Shows, TV Dramas"
512,TV Show,Hidden Worlds,Egypt,2/5/2019,2018.0,TV-14,"Crime TV Shows, International TV Shows, TV Dramas"
513,TV Show,Tayee,Egypt,2/5/2019,2018.0,TV-MA,"International TV Shows, TV Dramas"
514,TV Show,The Last of the Schmucks,Egypt,2/7/2019,2017.0,TV-MA,"International TV Shows, TV Comedies"
515,TV Show,Eugenie Nights,Egypt,3/11/2019,2018.0,TV-14,"International TV Shows, Romantic TV Shows, TV Dramas"
516,TV Show,This Evening,Egypt,3/11/2019,2017.0,TV-MA,"International TV Shows, TV Dramas"
517,TV Show,More to Say,Egypt,3/13/2019,2018.0,TV-14,"International TV Shows, TV Dramas, TV Mysteries"
518,TV Show,The Land of Hypocrisy,Egypt,3/13/2019,2018.0,TV-14,"International TV Shows, TV Comedies, TV Sci-Fi & Fantasy"
519,Movie,Abdo Mota,Egypt,4/19/2019,2012.0,TV-MA,"Action & Adventure, Dramas, International Movies"
520,Movie,اشتباك,"Egypt, France",10/11/2018,2016.0,TV-14,"Dramas, Independent Movies, International Movies"
521,TV Show,Angry Birds,Finland,3/16/2019,2018.0,TV-G,"Kids' TV, TV Comedies"
522,TV Show,Bordertown,"Finland, France",2/2/2019,2018.0,TV-MA,"Crime TV Shows, International TV Shows, TV Dramas"
523,TV Show,Deadwind,"Finland, Germany",8/23/2018,2018.0,TV-MA,"Crime TV Shows, International TV Shows, TV Dramas"
524,Movie,Iron Sky: The Coming Race,"Finland, Germany, Belgium",11/16/2019,2019.0,TV-MA,"Action & Adventure, Comedies, International Movies"
525,Movie,Mune: Guardian of the Moon,France,1/26/2018,2014.0,PG,Children & Family Movies
526,Movie,The Wolf's Call,France,6/20/2019,2019.0,TV-14,"Dramas, International Movies, Thrillers"
527,Movie,The Jack King Affair,France,1/2/2018,2015.0,TV-14,"Documentaries, International Movies"
528,Movie,"Plaire, aimer et courir vite",France,7/13/2019,2018.0,TV-MA,"Dramas, Independent Movies, International Movies"
529,Movie,Un plus une,France,8/1/2017,2015.0,TV-MA,"Comedies, Dramas, International Movies"
530,Movie,Le K Benzema,France,5/1/2018,2017.0,TV-14,"Documentaries, International Movies, Sports Movies"
531,Movie,Hitler's Steel Beast,France,11/1/2017,2017.0,TV-14,"Documentaries, International Movies"
532,Movie,I Am not an Easy Man,France,4/13/2018,2018.0,TV-MA,"Comedies, International Movies, Romantic Movies"
533,Movie,Paris Is Us,France,2/22/2019,2019.0,TV-MA,"Dramas, Independent Movies, International Movies"
534,Movie,Le serment des Hitler,France,5/1/2019,2014.0,TV-PG,"Documentaries, International Movies"
535,Movie,Lady J,France,3/8/2019,2019.0,TV-14,"Dramas, Independent Movies, International Movies"
536,Movie,Elles étaient en guerre (1914-1918),France,12/31/2017,2014.0,TV-14,"Documentaries, International Movies"
537,Movie,Kill Hitler! The Luck of the Devil,France,5/1/2019,2015.0,TV-14,"Documentaries, International Movies"
538,Movie,Fadily Camara : La plus drôle de tes copines,France,11/14/2019,2019.0,TV-MA,Stand-Up Comedy
539,Movie,Sarah's Key,France,9/21/2019,2010.0,PG-13,"Dramas, International Movies"
540,Movie,Dany Boon: Des Hauts De France,France,5/4/2018,2018.0,TV-MA,Stand-Up Comedy
541,Movie,Shéhérazade,France,5/11/2019,2019.0,TV-MA,"Dramas, Independent Movies, International Movies"
542,Movie,I Lost My Body,France,11/29/2019,2019.0,TV-MA,"Dramas, Independent Movies, International Movies"
543,Movie,Brother,France,11/22/2019,2019.0,TV-MA,"Dramas, Independent Movies, International Movies"
544,Movie,The Crew,France,11/15/2018,2015.0,TV-MA,"Action & Adventure, International Movies"
545,Movie,Tarif de nuit,France,3/1/2018,2015.0,TV-MA,"International Movies, Thrillers"
546,Movie,Blockbuster,France,1/24/2018,2017.0,TV-MA,"Comedies, Independent Movies, International Movies"
547,Movie,Fary Is the New Black,France,4/3/2018,2018.0,TV-MA,Stand-Up Comedy
548,Movie,The Workshop,France,11/10/2018,2017.0,TV-MA,"Dramas, International Movies"
549,Movie,Street Flow,France,10/13/2019,2019.0,TV-MA,"Dramas, International Movies"
550,Movie,The Climb,France,12/29/2017,2017.0,TV-14,"Action & Adventure, Comedies, Dramas"
551,Movie,"To Each, Her Own",France,6/24/2018,2018.0,TV-MA,"Comedies, International Movies, LGBTQ Movies"
552,Movie,10 jours en or,France,7/1/2017,2012.0,TV-PG,"Comedies, Dramas, International Movies"
553,TV Show,Oggy and the Cockroaches,France,12/1/2017,2017.0,TV-Y7,"Kids' TV, TV Comedies"
554,Movie,From Paris with Love,France,12/8/2019,2010.0,R,"Action & Adventure, International Movies"
555,Movie,Wedding Unplanned,France,10/19/2017,2017.0,TV-MA,"Comedies, International Movies, Romantic Movies"
556,Movie,The World Is Yours,France,11/30/2018,2018.0,TV-MA,"Action & Adventure, Comedies, International Movies"
557,Movie,Sparring,France,9/1/2018,2017.0,TV-14,"Dramas, International Movies, Sports Movies"
558,Movie,Wandering Stars,France,12/1/2019,2019.0,TV-MA,"Documentaries, International Movies, Music & Musicals"
559,Movie,The Price of Success,France,4/30/2018,2017.0,TV-MA,"Dramas, International Movies"
560,Movie,Rocco,France,9/1/2017,2016.0,TV-MA,"Documentaries, International Movies"
561,Movie,Immoral Tales,France,6/6/2019,1974.0,UR,"Dramas, International Movies, Romantic Movies"
562,Movie,Paradise Beach,France,11/8/2019,2019.0,TV-MA,"Action & Adventure, Dramas, International Movies"
563,TV Show,Seven and Me,France,10/15/2017,2017.0,TV-G,Kids' TV
564,TV Show,Zig & Sharko,France,12/1/2017,2016.0,TV-Y,Kids' TV
565,TV Show,La Mante,France,12/29/2017,2017.0,TV-MA,"Crime TV Shows, International TV Shows, TV Dramas"
566,TV Show,The Frozen Dead,France,1/1/2018,2017.0,TV-MA,"Crime TV Shows, International TV Shows, TV Dramas"
567,TV Show,Marseille,France,2/23/2018,2018.0,TV-MA,"International TV Shows, TV Dramas, TV Thrillers"
568,TV Show,Ollie & Moon,France,3/28/2018,2018.0,TV-Y,Kids' TV
569,TV Show,Wakfu,France,4/6/2018,2017.0,TV-Y7-FV,Kids' TV
570,TV Show,The Minimighty Kids,France,4/15/2018,2012.0,TV-G,"Kids' TV, TV Comedies"
571,TV Show,The Chalet,France,4/17/2018,2018.0,TV-MA,"Crime TV Shows, International TV Shows, TV Dramas"
572,TV Show,November 13: Attack on Paris,France,6/1/2018,2018.0,TV-MA,"Docuseries, International TV Shows"
573,TV Show,The Staircase,France,6/8/2018,2018.0,TV-MA,"Crime TV Shows, Docuseries, TV Mysteries"
574,TV Show,The Forest,France,6/29/2018,2017.0,TV-MA,"Crime TV Shows, International TV Shows, TV Dramas"
575,TV Show,A Very Secret Service,France,7/30/2018,2018.0,TV-14,"International TV Shows, TV Comedies"
576,TV Show,Mini Wolf,France,9/16/2018,2014.0,TV-G,Kids' TV
577,TV Show,Call My Agent!,France,1/4/2019,2018.0,TV-MA,"International TV Shows, TV Comedies, TV Dramas"
578,TV Show,Crime Time,France,1/31/2019,2017.0,TV-MA,"Crime TV Shows, International TV Shows, TV Action & Adventure"
579,TV Show,The Returned,France,2/17/2019,2015.0,TV-MA,"International TV Shows, TV Dramas, TV Horror"
580,TV Show,Osmosis,France,3/29/2019,2019.0,TV-MA,"International TV Shows, TV Dramas, TV Mysteries"
581,TV Show,Family Business,France,6/28/2019,2019.0,TV-MA,"International TV Shows, TV Comedies, TV Dramas"
582,TV Show,Molang,France,7/1/2019,2015.0,TV-Y,Kids' TV
583,TV Show,Rabbids Invasion,France,7/1/2019,2018.0,TV-Y7,"Kids' TV, TV Comedies"
584,TV Show,Grizzy et les Lemmings,France,7/15/2019,2017.0,TV-Y7,"Kids' TV, TV Comedies"
585,TV Show,The Spy,France,9/6/2019,2019.0,TV-MA,"International TV Shows, TV Dramas, TV Thrillers"
586,TV Show,Marianne,France,9/13/2019,2019.0,TV-MA,"International TV Shows, TV Dramas, TV Horror"
587,TV Show,The Hook Up Plan,France,10/11/2019,2019.0,TV-14,"International TV Shows, Romantic TV Shows, TV Comedies"
588,TV Show,Nailed It! France,France,10/25/2019,2019.0,TV-14,"International TV Shows, Reality TV"
589,TV Show,Ad Vitam,France,11/1/2019,2018.0,TV-MA,"Crime TV Shows, International TV Shows, TV Dramas"
590,TV Show,Who Killed Little Gregory?,France,11/20/2019,2019.0,TV-MA,"Crime TV Shows, Docuseries, International TV Shows"
591,TV Show,Mortel,France,11/21/2019,2019.0,TV-MA,"Crime TV Shows, International TV Shows, TV Dramas"
592,TV Show,Mythomaniac,France,11/28/2019,2019.0,TV-MA,"International TV Shows, TV Comedies, TV Dramas"
593,TV Show,Twice Upon A Time,France,12/19/2019,2019.0,TV-MA,"International TV Shows, Romantic TV Shows, TV Dramas"
594,TV Show,The Bonfire of Destiny,France,12/26/2019,2019.0,TV-MA,"International TV Shows, TV Dramas"
595,TV Show,Until Dawn,France,1/10/2020,2020.0,TV-MA,"International TV Shows, Reality TV, TV Comedies"
596,Movie,Moonwalkers,"France, Belgium",9/8/2017,2015.0,R,"Action & Adventure, Comedies, International Movies"
597,Movie,Nothing to Hide,"France, Belgium",11/16/2018,2018.0,TV-MA,"Comedies, Dramas, International Movies"
598,Movie,Love,"France, Belgium",9/8/2017,2015.0,NR,"Cult Movies, Dramas, Independent Movies"
599,Movie,Phantom Boy,"France, Belgium",10/1/2017,2015.0,PG,"Action & Adventure, Dramas, International Movies"
600,Movie,Bad Seeds,"France, Belgium",12/21/2018,2018.0,TV-MA,"Comedies, Dramas, International Movies"
601,Movie,Let's Dance,"France, Belgium",12/4/2019,2019.0,TV-MA,"Dramas, International Movies, Romantic Movies"
602,Movie,Girls With Balls,"France, Belgium",7/26/2019,2019.0,TV-MA,"Comedies, Horror Movies, International Movies"
603,Movie,Carbon,"France, Belgium",9/1/2018,2017.0,TV-MA,"Dramas, International Movies, Thrillers"
604,Movie,Planetarium,"France, Belgium",1/1/2018,2016.0,TV-MA,"Dramas, International Movies"
605,Movie,The Mansion,"France, Belgium",7/28/2018,2017.0,TV-MA,"Comedies, Horror Movies, International Movies"
606,Movie,Budapest,"France, Belgium",3/1/2019,2018.0,TV-MA,"Comedies, International Movies"
607,Movie,Burn Out,"France, Belgium",3/15/2019,2017.0,TV-MA,"Action & Adventure, International Movies"
608,TV Show,Transfers,"France, Belgium",11/8/2018,2017.0,TV-MA,"Crime TV Shows, International TV Shows, TV Sci-Fi & Fantasy"
609,TV Show,Black Spot,"France, Belgium",6/14/2019,2019.0,TV-MA,"Crime TV Shows, International TV Shows, TV Dramas"
610,Movie,Kings,"France, Belgium, China, United States",10/29/2018,2017.0,R,Dramas
611,Movie,Leap!,"France, Canada",9/25/2019,2016.0,PG,"Children & Family Movies, Comedies"
612,TV Show,Versailles,"France, Canada",3/29/2019,2018.0,TV-MA,"International TV Shows, TV Dramas"
613,Movie,April and the Extraordinary World,"France, Canada, Belgium",10/1/2017,2015.0,PG,"Action & Adventure, Comedies, International Movies"
614,Movie,Enter the Warriors Gate,"France, China, Canada",8/5/2017,2016.0,PG-13,"Action & Adventure, International Movies, Sci-Fi & Fantasy"
615,Movie,Dr. Seuss' The Grinch,"France, China, Japan, United States",6/5/2019,2018.0,PG,"Children & Family Movies, Comedies"
616,Movie,Personal Shopper,"France, Germany, Czech Republic, Belgium",2/1/2019,2016.0,R,"Dramas, International Movies, Thrillers"
617,Movie,The Other Side of the Wind,"France, Iran, United States",11/2/2018,2018.0,R,"Dramas, Independent Movies"
618,Movie,MFKZ,"France, Japan",12/25/2019,2017.0,R,"Action & Adventure, Comedies, International Movies"
619,Movie,Pachamama,"France, Luxembourg, Canada",6/7/2019,2019.0,PG,Children & Family Movies
620,Movie,White Fang,"France, Luxembourg, United States",7/6/2018,2018.0,TV-PG,"Children & Family Movies, Dramas"
621,Movie,Much Loved,"France, Morocco",9/27/2017,2015.0,TV-MA,"Dramas, Independent Movies, International Movies"
622,Movie,A Land Imagined,"France, Netherlands, Singapore",4/13/2019,2019.0,TV-MA,"Dramas, International Movies"
623,Movie,Winnie,"France, Netherlands, South Africa, Finland",2/26/2018,2017.0,TV-14,"Documentaries, International Movies"
624,Movie,The Innocents,"France, Poland",12/26/2018,2016.0,PG-13,"Dramas, International Movies"
625,Movie,Atlantics,"France, Senegal, Belgium",11/29/2019,2019.0,TV-14,"Dramas, Independent Movies, International Movies"
626,TV Show,Miraculous: Tales of Ladybug & Cat Noir,"France, South Korea, Japan",8/2/2019,2018.0,TV-Y7,"Kids' TV, TV Action & Adventure"
627,Movie,Océans,"France, Switzerland, Spain, United States, United Arab Emirates",9/19/2019,2009.0,G,"Documentaries, International Movies"
628,TV Show,PJ Masks,"France, United Kingdom",10/1/2017,2016.0,TV-Y,Kids' TV
629,TV Show,Noddy Toyland Detective,"France, United Kingdom, United States",10/1/2017,2016.0,TV-Y,Kids' TV
630,Movie,The Last Exorcism,"France, United States",9/1/2019,2010.0,PG-13,"Horror Movies, Independent Movies, Thrillers"
631,Movie,Point Blank,"France, United States",7/12/2019,2019.0,TV-MA,Action & Adventure
632,TV Show,Taken,"France, United States",1/12/2019,2018.0,TV-14,"Crime TV Shows, TV Action & Adventure, TV Thrillers"
633,TV Show,The Garfield Show,"France, United States",2/1/2019,2018.0,TV-Y7,"Kids' TV, TV Comedies"
634,Movie,Babel,"France, United States, Mexico",1/1/2019,2006.0,R,"Dramas, Independent Movies"
635,Movie,The Trader (Sovdagari),Georgia,2/9/2018,2018.0,TV-PG,"Documentaries, International Movies"
636,Movie,My Happy Family,"Georgia, Germany, France",12/1/2017,2017.0,TV-14,"Dramas, Independent Movies, International Movies"
637,Movie,Pettersson and Findus 2,Germany,11/1/2017,2016.0,TV-G,"Children & Family Movies, Comedies"
638,Movie,Lommbock,Germany,11/9/2018,2017.0,TV-MA,"Comedies, International Movies"
639,Movie,My Fuhrer,Germany,5/7/2018,2007.0,TV-14,"Comedies, International Movies"
640,Movie,Bibi & Tina: Tohuwabohu Total,Germany,12/27/2017,2017.0,TV-14,"Children & Family Movies, Music & Musicals"
641,Movie,Alles ist gut,Germany,6/6/2019,2019.0,TV-MA,"Dramas, International Movies"
642,Movie,Pedal the World,Germany,6/1/2018,2015.0,TV-MA,"Documentaries, International Movies, Sports Movies"
643,Movie,The Lives of Others,Germany,3/15/2019,2006.0,R,"Dramas, International Movies, Thrillers"
644,Movie,Offline - Das leben ist kein bonuslevel,Germany,9/1/2017,2016.0,TV-MA,"Action & Adventure, Comedies, International Movies"
645,Movie,Rock My Heart,Germany,6/7/2019,2019.0,TV-PG,"Children & Family Movies, Dramas, International Movies"
646,Movie,Right Here Right Now,Germany,6/16/2019,2018.0,TV-MA,"Comedies, Dramas, Independent Movies"
647,Movie,The Silence,Germany,4/10/2019,2019.0,TV-14,"Horror Movies, Thrillers"
648,Movie,Schubert In Love,Germany,3/1/2018,2016.0,TV-14,"Comedies, International Movies"
649,Movie,Enissa Amani: Ehrenwort,Germany,4/26/2018,2018.0,TV-MA,Stand-Up Comedy
650,Movie,Familiye,Germany,5/1/2019,2017.0,TV-MA,"Dramas, Independent Movies, International Movies"
651,Movie,Expedition Happiness,Germany,1/31/2018,2017.0,TV-PG,"Documentaries, International Movies"
